{
	"elements":{
		"CLA-FEA-START-01":{
			"type":"marker",
			"fit_point":1.0,
			"global_rotation":[
				0,
				0,
				0
			],
			"position_end":[
				0,
				0,
				4.82978e1
			],
			"position_start":[
				0,
				0,
				4.82978e1
			]
		},
		"CLA-FEA-MAG-DIP-01":{
			"type":"dipole",
			"length":0.2,
			"angle":0.2443460953,
			"entrance_edge_angle":0.1221730476,
			"exit_edge_angle":0.1221730476,
			"global_rotation":[
				0,
				0,
				0
			],
			"position_end":[
				2.4313e-2,
				0,
				4.8495816e1
			],
			"position_start":[
				0,
				0,
				4.82978e1
			]
		},
		"CLA-FEA-DIP-01-END":{
			"type":"marker",
			"fit_point":1.0,
			"global_rotation":[
				0,
				0,
				-0.2443460953
			],
			"position_end":[
				2.4313e-2,
				0,
				4.8495808e1
			],
			"position_start":[
				2.4313e-2,
				0,
				4.8495808e1
			]
		},
		"CLA-FEA-MAG-QUAD-01":{
			"type":"quadrupole",
			"length":0.15,
			"k1l":1.55847,
			"global_rotation":[
				0,
				0,
				-0.2443460953
			],
			"position_end":[
				0.214221,
				0,
				4.925749e1
			],
			"position_start":[
				0.177933,
				0,
				4.9111946e1
			]
		},
		"CLA-FEA-MAG-QUAD-02":{
			"type":"quadrupole",
			"length":0.15,
			"k1l":-1.0915,
			"global_rotation":[
				0,
				0,
				-0.2443460953
			],
			"position_end":[
				0.347278,
				0,
				4.9791152e1
			],
			"position_start":[
				0.31099,
				0,
				4.9645608e1
			]
		},
		"CLA-FEA-MAG-HVCOR-01":{
			"type":"kicker",
			"length":0.2,
			"global_rotation":[
				0,
				0,
				-0.2443460953
			],
			"position_end":[
				0.424693,
				0,
				5.0101659e1
			],
			"position_start":[
				0.376309,
				0,
				4.99076e1
			]
		},
		"CLA-FEA-DIA-BPM-01":{
			"type":"beam_position_monitor",
			"length":0.2,
			"global_rotation":[
				0,
				0,
				-0.2443460953
			],
			"position_end":[
				0.509366,
				0,
				5.0441259e1
			],
			"position_start":[
				0.460982,
				0,
				5.02472e1
			]
		},
		"CLA-FEA-DIA-SCR-01":{
			"type":"screen",
			"length":0.2,
			"output_filename":"\"CLA-FEA-DIA-SCR-01.SDDS\"",
			"global_rotation":[
				0,
				0,
				-0.2443460953
			],
			"position_end":[
				0.597668,
				0,
				5.0795359e1
			],
			"position_start":[
				0.549284,
				0,
				5.06013e1
			]
		},
		"CLA-FEA-MAG-QUAD-03":{
			"type":"quadrupole",
			"length":0.15,
			"k1l":1.55847,
			"global_rotation":[
				0,
				0,
				-0.2443460953
			],
			"position_end":[
				0.68113,
				0,
				5.113016e1
			],
			"position_start":[
				0.644842,
				0,
				5.0984616e1
			]
		},
		"CLA-FEA-MAG-QUAD-04":{
			"type":"quadrupole",
			"length":0.15,
			"k1l":-1.0915,
			"global_rotation":[
				0,
				0,
				-0.2443460953
			],
			"position_end":[
				0.814187,
				0,
				5.1663823e1
			],
			"position_start":[
				0.777899,
				0,
				5.1518279e1
			]
		},
		"CLA-FEA-DIA-BPM-02":{
			"type":"beam_position_monitor",
			"length":0.2,
			"global_rotation":[
				0,
				0,
				-0.2443460953
			],
			"position_end":[
				0.886764,
				0,
				5.1954959e1
			],
			"position_start":[
				0.83838,
				0,
				5.17609e1
			]
		},
		"CLA-FEA-MAG-DIP-02":{
			"type":"dipole",
			"length":0.2,
			"angle":0.2443460953,
			"entrance_edge_angle":0.1221730476,
			"exit_edge_angle":0.1221730476,
			"global_rotation":[
				0,
				0,
				-0.2443460953
			],
			"position_end":[
				0.981242,
				0,
				5.2233342e1
			],
			"position_start":[
				0.909747,
				0,
				5.204709e1
			]
		},
		"CLA-FEA-DIP-02-END":{
			"type":"marker",
			"fit_point":1.0,
			"global_rotation":[
				0,
				0,
				-0.4886921906
			],
			"position_end":[
				0.981243,
				0,
				5.2233342e1
			],
			"position_start":[
				0.981243,
				0,
				5.2233342e1
			]
		},
		"CLA-FEA-MAG-QUAD-05":{
			"type":"quadrupole",
			"length":0.15,
			"k1l":1.55847,
			"global_rotation":[
				0,
				0,
				-0.4886921906
			],
			"position_end":[
				1.349778,
				0,
				5.2926456e1
			],
			"position_start":[
				1.279357,
				0,
				5.2794013e1
			]
		},
		"CLA-FEA-MAG-QUAD-06":{
			"type":"quadrupole",
			"length":0.15,
			"k1l":-1.0915,
			"global_rotation":[
				0,
				0,
				-0.4886921906
			],
			"position_end":[
				1.607987,
				0,
				5.3412077e1
			],
			"position_start":[
				1.537566,
				0,
				5.3279634e1
			]
		},
		"CLA-FEA-MAG-HVCOR-02":{
			"type":"kicker",
			"length":0.2,
			"global_rotation":[
				0,
				0,
				-0.4886921906
			],
			"position_end":[
				1.765264,
				0,
				5.370789e1
			],
			"position_start":[
				1.67137,
				0,
				5.35313e1
			]
		},
		"CLA-FEA-DIA-BPM-03":{
			"type":"beam_position_monitor",
			"length":0.2,
			"global_rotation":[
				0,
				0,
				-0.4886921906
			],
			"position_end":[
				1.929574,
				0,
				5.401689e1
			],
			"position_start":[
				1.83568,
				0,
				5.38403e1
			]
		},
		"CLA-FEA-DIA-SCR-02":{
			"type":"screen",
			"length":0.2,
			"output_filename":"\"CLA-FEA-DIA-SCR-02.SDDS\"",
			"global_rotation":[
				0,
				0,
				-0.4886921906
			],
			"position_end":[
				2.093894,
				0,
				5.432589e1
			],
			"position_start":[
				2,
				0,
				5.41493e1
			]
		},
		"CLA-FEA-MAG-QUAD-07":{
			"type":"quadrupole",
			"length":0.15,
			"k1l":1.55847,
			"global_rotation":[
				0,
				0,
				-0.4886921906
			],
			"position_end":[
				2.255858,
				0,
				5.4630545e1
			],
			"position_start":[
				2.185437,
				0,
				5.4498102e1
			]
		},
		"CLA-FEA-MAG-QUAD-08":{
			"type":"quadrupole",
			"length":0.15,
			"k1l":-1.0915,
			"global_rotation":[
				0,
				0,
				-0.4886921906
			],
			"position_end":[
				2.514068,
				0,
				5.5116166e1
			],
			"position_start":[
				2.443647,
				0,
				5.4983723e1
			]
		},
		"CLA-FEA-DIA-BPM-04":{
			"type":"beam_position_monitor",
			"length":0.2,
			"global_rotation":[
				0,
				0,
				-0.4886921906
			],
			"position_end":[
				2.654904,
				0,
				5.538109e1
			],
			"position_start":[
				2.56101,
				0,
				5.52045e1
			]
		},
		"CLA-FEA-MAG-DIP-03":{
			"type":"dipole",
			"length":0.2,
			"angle":-0.2443460953,
			"entrance_edge_angle":-0.1221730476,
			"exit_edge_angle":-0.1221730476,
			"global_rotation":[
				0,
				0,
				-0.4886921906
			],
			"position_end":[
				2.771004,
				0,
				5.5651182e1
			],
			"position_start":[
				2.699509,
				0,
				5.546493e1
			]
		},
		"CLA-FEA-DIP-03-END":{
			"type":"marker",
			"fit_point":1.0,
			"global_rotation":[
				0,
				0,
				-0.2443460953
			],
			"position_end":[
				2.771004,
				0,
				5.5651182e1
			],
			"position_start":[
				2.771004,
				0,
				5.5651182e1
			]
		},
		"CLA-FEA-MAG-QUAD-09":{
			"type":"quadrupole",
			"length":0.15,
			"k1l":1.55847,
			"global_rotation":[
				0,
				0,
				-0.2443460953
			],
			"position_end":[
				2.960912,
				0,
				5.6412864e1
			],
			"position_start":[
				2.924624,
				0,
				5.626732e1
			]
		},
		"CLA-FEA-MAG-QUAD-10":{
			"type":"quadrupole",
			"length":0.15,
			"k1l":-1.0915,
			"global_rotation":[
				0,
				0,
				-0.2443460953
			],
			"position_end":[
				3.093969,
				0,
				5.6946527e1
			],
			"position_start":[
				3.057681,
				0,
				5.6800983e1
			]
		},
		"CLA-FEA-MAG-HVCOR-03":{
			"type":"kicker",
			"length":0.2,
			"global_rotation":[
				0,
				0,
				-0.2443460953
			],
			"position_end":[
				3.175014,
				0,
				5.7271559e1
			],
			"position_start":[
				3.12663,
				0,
				5.70775e1
			]
		},
		"CLA-FEA-DIA-BPM-05":{
			"type":"beam_position_monitor",
			"length":0.2,
			"global_rotation":[
				0,
				0,
				-0.2443460953
			],
			"position_end":[
				3.259684,
				0,
				5.7611159e1
			],
			"position_start":[
				3.2113,
				0,
				5.74171e1
			]
		},
		"CLA-FEA-DIA-SCR-03-MASK":{
			"type":"screen",
			"length":0.2,
			"output_filename":"\"CLA-FEA-DIA-SCR-03-MASK.SDDS\"",
			"global_rotation":[
				0,
				0,
				-0.2443460953
			],
			"position_end":[
				3.344354,
				0,
				5.7950759e1
			],
			"position_start":[
				3.29597,
				0,
				5.77567e1
			]
		},
		"CLA-FEA-MAG-QUAD-11":{
			"type":"quadrupole",
			"length":0.15,
			"k1l":1.55847,