{
	"elements":{
		"CLA-FEA-MAG-QUAD-15":{
			"type":"quadrupole",
			"length":0.18,
			"k1l":1.59946,
			"global_rotation":[
				0,
				0,
				0
			],
			"position_end":[
				3.680751,
				0,
				6.1930479e1
			],
			"position_start":[
				3.680751,
				0,
				6.1750479e1
			]
		},
		"CLA-FEA-DIA-BPM-08":{
			"type":"beam_position_monitor",
			"length":0.2,
			"global_rotation":[
				0,
				0,
				0
			],
			"position_end":[
				3.6807513048841103,
				0,
				6.221547936814783e1
			],
			"position_start":[
				3.6807513048841103,
				0,
				6.201547936814782e1
			]
		},
		"CLA-FEA-MAG-QUAD-16":{
			"type":"quadrupole",
			"length":0.18,
			"k1l":-0.90317,
			"global_rotation":[
				0,
				0,
				0
			],
			"position_end":[
				3.680751,
				0,
				6.2480479e1
			],
			"position_start":[
				3.680751,
				0,
				6.2300479e1
			]
		},
		"CLA-FEA-MAG-HVCOR-05":{
			"type":"kicker",
			"length":0.1,
			"global_rotation":[
				0,
				0,
				0
			],
			"position_end":[
				3.6807513048841103,
				0,
				6.264547936814783e1
			],
			"position_start":[
				3.6807513048841103,
				0,
				6.254547936814783e1
			]
		},
		"CLA-FEA-MAG-HVCOR-06":{
			"type":"kicker",
			"length":0.1,
			"global_rotation":[
				0,
				0,
				0
			],
			"position_end":[
				3.6807513048841103,
				0,
				6.32e1
			],
			"position_start":[
				3.6807513048841103,
				0,
				6.31e1
			]
		},
		"CLA-FEH-DIA-BPM-09":{
			"type":"beam_position_monitor",
			"length":0.21,
			"global_rotation":[
				0,
				0,
				0
			],
			"position_end":[
				3.6807513048841103,
				0,
				6.344e1
			],
			"position_start":[
				3.6807513048841103,
				0,
				6.323e1
			]
		},
		"CLA-FEA-SHUT-01-START":{
			"type":"marker",
			"fit_point":1.0,
			"global_rotation":[
				0,
				0,
				0
			],
			"position_end":[
				3.6807513048841103,
				0,
				6.344084e1
			],
			"position_start":[
				3.6807513048841103,
				0,
				6.344084e1
			]
		},
		"CLA-FEA-SHUT-01-END":{
			"type":"marker",
			"fit_point":1.0,
			"global_rotation":[
				0,
				0,
				0
			],
			"position_end":[
				3.6807513048841103,
				0,
				6.376084e1
			],
			"position_start":[
				3.6807513048841103,
				0,
				6.376084e1
			]
		},
		"CLA-FEH-WALL-01-START":{
			"type":"marker",
			"fit_point":1.0,
			"global_rotation":[
				0,
				0,
				0
			],
			"position_end":[
				3.6807513048841103,
				0,
				6.386084e1
			],
			"position_start":[
				3.6807513048841103,
				0,
				6.386084e1
			]
		},
		"CLA-FEH-WALL-01-END":{
			"type":"marker",
			"fit_point":1.0,
			"global_rotation":[
				0,
				0,
				0
			],
			"position_end":[
				3.6807513048841103,
				0,
				6.545184e1
			],
			"position_start":[
				3.6807513048841103,
				0,
				6.545184e1
			]
		},
		"CLA-FEH-LAS-ENTR-01-START":{
			"type":"marker",
			"fit_point":1.0,
			"global_rotation":[
				0,
				0,
				0
			],
			"position_end":[
				3.68075,
				0,
				6.566e1
			],
			"position_start":[
				3.68075,
				0,
				6.566e1
			]
		},
		"CLA-FEH-LAS-ENTR-01-MIRROR":{
			"type":"marker",
			"fit_point":1.0,
			"global_rotation":[
				0,
				0,
				0
			],
			"position_end":[
				3.68075,
				0,
				6.586e1
			],
			"position_start":[
				3.68075,
				0,
				6.586e1
			]
		},
		"CLA-FEH-LAS-ENTR-01-END":{
			"type":"marker",
			"fit_point":1.0,
			"global_rotation":[
				0,
				0,
				0
			],
			"position_end":[
				3.68075,
				0,
				6.665e1
			],
			"position_start":[
				3.68075,
				0,
				6.665e1
			]
		},
		"CLA-FEH-DIA-BPM-01":{
			"type":"beam_position_monitor",
			"length":0.21,
			"global_rotation":[
				0,
				0,
				0
			],
			"position_end":[
				3.68075,
				0,
				6.688e1
			],
			"position_start":[
				3.68075,
				0,
				6.667e1
			]
		},
		"CLA-FEH-MAG-QUAD-01-CORR":{
			"type":"quadrupole",
			"length":0.277,
			"k1l":1.84996,
			"global_rotation":[
				0,
				0,
				0
			],
			"position_end":[
				3.68075,
				0,
				6.7291e1
			],
			"position_start":[
				3.68075,
				0,
				6.7014e1
			]
		},
		"CLA-FEH-MAG-HVCOR-01":{
			"type":"kicker",
			"length":0.0,
			"global_rotation":[
				0,
				0,
				0
			],
			"position_end":[
				3.68075,
				0,
				6.7291e1
			],
			"position_start":[
				3.68075,
				0,
				6.7291e1
			]
		},
		"CLA-FEH-MAG-QUAD-02-CORR":{
			"type":"quadrupole",
			"length":0.277,
			"k1l":-2.04187,
			"global_rotation":[
				0,
				0,
				0
			],
			"position_end":[
				3.68075,
				0,
				6.75935e1
			],
			"position_start":[
				3.68075,
				0,
				6.73165e1
			]
		},
		"CLA-FEH-MAG-HVCOR-02":{
			"type":"kicker",
			"length":0.0,
			"global_rotation":[
				0,
				0,
				0
			],
			"position_end":[
				3.68075,
				0,
				6.75935e1
			],
			"position_start":[
				3.68075,
				0,
				6.75935e1
			]
		},
		"CLA-FEH-DIA-SCR-01":{
			"type":"screen",
			"length":0.15,
			"output_filename":"\"CLA-FED-DIA-SCR-05.SDDS\"",
			"global_rotation":[
				0,
				0,
				0
			],
			"position_end":[
				3.680751,
				0,
				6.77475e1
			],
			"position_start":[
				3.680751,
				0,
				6.75975e1
			]
		},
		"CLA-FEH-FOCUS-01-START":{
			"type":"marker",
			"fit_point":1.0,
			"global_rotation":[
				0,
				0,
				0
			],
			"position_end":[
				3.68075,
				0,
				6.77725e1
			],
			"position_start":[
				3.68075,
				0,
				6.77725e1
			]
		},
		"CLA-FEH-ECOLL-01":{
			"type":"aperture",
			"horizontal_size":1.0,
			"vertical_size":1.0,
			"elliptical":true,
			"global_rotation":[
				0,
				0,
				0
			],
			"position_end":[
				3.68075,
				0,
				6.86425e1
			],
			"position_start":[
				3.68075,
				0,
				6.86425e1
			]
		},
		"CLA-FEH-FOCUS-01":{
			"type":"marker",
			"fit_point":1.0,
			"global_rotation":[
				0,
				0,
				0
			],
			"position_end":[
				3.68075,
				0,
				6.8655e1
			],
			"position_start":[
				3.68075,
				0,
				6.8655e1
			]
		},
		"CLA-FEH-ECOLL-02":{
			"type":"aperture",
			"horizontal_size":1.0,
			"vertical_size":1.0,
			"elliptical":true,
			"global_rotation":[
				0,
				0,
				0
			],
			"position_end":[
				3.68075,
				0,
				6.86625e1
			],
			"position_start":[
				3.68075,
				0,
				6.86625e1
			]
		},
		"CLA-FEH-FOCUS-01-END":{
			"type":"marker",
			"fit_point":1.0,
			"global_rotation":[
				0,
				0,
				0
			],
			"position_end":[
				3.68075,
				0,
				6.95325e1
			],
			"position_start":[
				3.68075,
				0,
				6.95325e1
			]
		},
		"CLA-FEH-DIA-SCR-02":{
			"type":"screen",
			"length":0.15,
			"output_filename":"\"CLA-FED-DIA-SCR-06.SDDS\"",
			"global_rotation":[
				0,
				0,
				0
			],
			"position_end":[
				3.680751,
				0,
				6.97125e1
			],
			"position_start":[
				3.680751,
				0,
				6.95625e1
			]
		},
		"CLA-FEH-MAG-QUAD-03-CORR":{
			"type":"quadrupole",
			"length":0.277,
			"k1l":1.6745653021597,
			"global_rotation":[
				0,
				0,
				0
			],
			"position_end":[
				3.68075,
				0,
				6.99935e1
			],
			"position_start":[
				3.68075,
				0,
				6.97165e1
			]
		},
		"CLA-FEH-MAG-HVCOR-03":{
			"type":"kicker",
			"length":0.0,
			"global_rotation":[
				0,
				0,
				0
			],
			"position_end":[
				3.68075,
				0,
				6.99935e1
			],
			"position_start":[
				3.68075,
				0,
				6.99935e1
			]
		},
		"CLA-FEH-MAG-QUAD-04-CORR":{
			"type":"quadrupole",
			"length":0.277,
			"k1l":-1.7592589150063,
			"global_rotation":[
				0,
				0,
				0
			],
			"position_end":[
				3.68075,
				0,
				7.0296e1
			],
			"position_start":[
				3.68075,
				0,
				7.0019e1
			]
		},
		"CLA-FEH-MAG-HVCOR-04":{
			"type":"kicker",
			"length":0.0,
			"global_rotation":[
				0,
				0,
				0
			],
			"position_end":[
				3.68075,
				0,
				7.0296e1
			],
			"position_start":[
				3.68075,
				0,
				7.0296e1
			]
		},
		"CLA-FEH-DIA-BPM-11":{
			"type":"beam_position_monitor",
			"length":0.21,
			"global_rotation":[
				0,
				0,
				0
			],
			"position_end":[
				3.68075,
				0,
				7.0655e1
			],
			"position_start":[
				3.68075,
				0,
				7.0445e1
			]
		},
		"CLA-FEH-LAS-EXIT-01-START":{
			"type":"marker",
			"fit_point":1.0,
			"global_rotation":[
				0,
				0,
				0
			],